INDEX,NAME,ROW,RACK,RACK_UNIT,MODELNO
1,Compute Node 01,A,A01,1,R670
2,Compute Node 02,A,A01,2,R670
3,Compute Node 03,A,A01,3,R670
4,Compute Node 04,A,A01,4,R670
5,Compute Node 05,A,A01,9,R670
6,Compute Node 06,A,A01,10,R670
7,Compute Node 07,A,A01,11,R670
8,Compute Node 08,A,A01,12,R670
9,TOR A01A,A,A01,41,C93180
10,TOR A01B,A,A01,42,C93180
11,Virtualisation Cluster 01,A,A02,1,R770
12,Virtualisation Cluster 02,A,A02,3,R770
13,Virtualisation Cluster 03,A,A02,5,R770
14,Virtualisation Cluster 04,A,A02,11,R770
15,Virtualisation Cluster 05,A,A02,13,R770
16,Virtualisation Cluster 06,A,A02,15,R770
17,TOR A02A,A,A02,41,C93180
18,TOR A02B,A,A02,42,C93180
19,Virtualisation Cluster 07,A,A03,1,R770
20,Virtualisation Cluster 08,A,A03,3,R770
21,Database Server 01,A,A03,5,R770
22,TOR A03A,A,A03,41,C93180
23,TOR A03B,A,A03,42,C93180
24,Database Server 02,A,A04,1,R770
25,Application Server 01,A,A04,3,R770
26,Application Server 02,A,A04,5,R770
27,TOR A04A,A,A04,41,C93180
28,TOR A04B,A,A04,42,C93180
29,AI Training Node 01,A,A05,1,XE9680
30,AI Training Node 02,A,A05,7,XE9680
31,TOR A05A,A,A05,41,C93180
32,TOR A05B,A,A05,42,C93180
33,Compute Node 09,B,B01,1,R670
34,Compute Node 10,B,B01,2,R670
35,Compute Node 11,B,B01,3,R670
36,Compute Node 12,B,B01,4,R670
37,TOR B01A,B,B01,41,C93180
38,TOR B01B,B,B01,42,C93180
39,Virtualisation Cluster 09,B,B02,1,R770
40,Virtualisation Cluster 10,B,B02,3,R770
41,Virtualisation Cluster 11,B,B02,5,R770
42,TOR B02A,B,B02,41,C93180
43,TOR B02B,B,B02,42,C93180
44,Kubernetes Node 01,B,B03,1,R770
45,Kubernetes Node 02,B,B03,3,R770
46,Kubernetes Node 03,B,B03,5,R770
47,TOR B03A,B,B03,41,C93180
48,TOR B03B,B,B03,42,C93180
49,Backup Server 01,B,B04,1,R770
50,Monitoring Server 01,B,B04,3,R770
51,Management Server 01,B,B04,5,R770
52,TOR B04A,B,B04,41,C93180
53,TOR B04B,B,B04,42,C93180
54,SAN Controller A,B,B05,1,PowerStore Elite
55,SAN Controller B,B,B05,5,PowerStore Elite
56,Core Switch 01,B,B05,35,PowerSwitch Z-Series
57,Core Switch 02,B,B05,36,PowerSwitch Z-Series
58,SAN Switch A,B,B05,38,Brocade FC Switch
59,SAN Switch B,B,B05,39,Brocade FC Switch
60,TOR B05A,B,B05,41,C93180
61,TOR B05B,B,B05,42,C93180
62,Compute Node 13,A,C01,1,R670
63,Compute Node 14,A,C01,2,R670
64,Compute Node 15,A,C01,3,R670
65,Compute Node 16,A,C01,4,R670
66,Compute Node 17,A,C01,9,R670
67,Compute Node 18,A,C01,10,R670
68,Compute Node 19,A,C01,11,R670
69,Compute Node 20,A,C01,12,R670
70,TOR C01A,A,C01,41,C93180
71,TOR C01B,A,C01,42,C93180
72,Virtualisation Cluster 12,A,C02,1,R770
73,Virtualisation Cluster 13,A,C02,3,R770
74,Virtualisation Cluster 14,A,C02,5,R770
75,Virtualisation Cluster 15,A,C02,11,R770
76,Virtualisation Cluster 16,A,C02,13,R770
77,Virtualisation Cluster 17,A,C02,15,R770
78,TOR C02A,A,C02,41,C93180
79,TOR C02B,A,C02,42,C93180
80,Virtualisation Cluster 18,A,C03,1,R770
81,Virtualisation Cluster 19,A,C03,3,R770
82,Database Server 03,A,C03,5,R770
83,TOR C03A,A,C03,41,C93180
84,TOR C03B,A,C03,42,C93180
85,Database Server 04,A,C04,1,R770
86,Application Server 03,A,C04,3,R770
87,Application Server 04,A,C04,5,R770
88,TOR C04A,A,C04,41,C93180
89,TOR C04B,A,C04,42,C93180
90,AI Training Node 03,A,C05,1,XE9680
91,AI Training Node 04,A,C05,7,XE9680
92,TOR C05A,A,C05,41,C93180
93,TOR C05B,A,C05,42,C93180
94,Compute Node 21,B,D01,1,R670
95,Compute Node 22,B,D01,2,R670
96,Compute Node 23,B,D01,3,R670
97,Compute Node 24,B,D01,4,R670
98,TOR D01A,B,D01,41,C93180
99,TOR D01B,B,D01,42,C93180
100,Virtualisation Cluster 20,B,D02,1,R770
101,Virtualisation Cluster 21,B,D02,3,R770
102,Virtualisation Cluster 22,B,D02,5,R770
103,TOR D02A,B,D02,41,C93180
104,TOR D02B,B,D02,42,C93180
105,Kubernetes Node 04,B,D03,1,R770
106,Kubernetes Node 05,B,D03,3,R770
107,Kubernetes Node 06,B,D03,5,R770
108,TOR D03A,B,D03,41,C93180
109,TOR D03B,B,D03,42,C93180
110,Backup Server 02,B,D04,1,R770
111,Monitoring Server 02,B,D04,3,R770
112,Management Server 02,B,D04,5,R770
113,TOR D04A,B,D04,41,C93180
114,TOR D04B,B,D04,42,C93180
115,SAN Controller C,B,D05,1,PowerStore Elite
116,SAN Controller D,B,D05,5,PowerStore Elite
117,Core Switch 03,B,D05,35,PowerSwitch Z-Series
118,Core Switch 04,B,D05,36,PowerSwitch Z-Series
119,SAN Switch C,B,D05,38,Brocade FC Switch
120,SAN Switch D,B,D05,39,Brocade FC Switch
121,TOR D05A,B,D05,41,C93180
122,TOR D05B,B,D05,42,C93180
