INDEX,NAME,ROW,RACK,RACK_UNIT,MODELNO,SNMP
1,Compute Node 01,A,A01,1,R670,ComputeNode01
2,Compute Node 02,A,A01,2,R670,ComputeNode02
3,Compute Node 03,A,A01,3,R670,ComputeNode03
4,Compute Node 04,A,A01,4,R670,ComputeNode04
5,Compute Node 05,A,A01,9,R670,ComputeNode05
6,Compute Node 06,A,A01,10,R670,ComputeNode06
7,Compute Node 07,A,A01,11,R670,ComputeNode07
8,Compute Node 08,A,A01,12,R670,ComputeNode08
9,TOR A01A,A,A01,41,C93180,TORA01A
10,TOR A01B,A,A01,42,C93180,TORA01B
11,Virtualisation Cluster 01,A,A02,1,R770,VirtCluster01
12,Virtualisation Cluster 02,A,A02,3,R770,VirtCluster02
13,Virtualisation Cluster 03,A,A02,5,R770,VirtCluster03
14,Virtualisation Cluster 04,A,A02,11,R770,VirtCluster04
15,Virtualisation Cluster 05,A,A02,13,R770,VirtCluster05
16,Virtualisation Cluster 06,A,A02,15,R770,VirtCluster06
17,TOR A02A,A,A02,41,C93180,TORA02A
18,TOR A02B,A,A02,42,C93180,TORA02B
19,Virtualisation Cluster 07,A,A03,1,R770,VirtCluster07
20,Virtualisation Cluster 08,A,A03,3,R770,VirtCluster08
21,Database Server 01,A,A03,5,R770,DBServer01
22,TOR A03A,A,A03,41,C93180,TORA03A
23,TOR A03B,A,A03,42,C93180,TORA03B
24,Database Server 02,A,A04,1,R770,DBServer02
25,Application Server 01,A,A04,3,R770,AppServer01
26,Application Server 02,A,A04,5,R770,AppServer02
27,TOR A04A,A,A04,41,C93180,TORA04A
28,TOR A04B,A,A04,42,C93180,TORA04B
29,AI Training Node 01,A,A05,1,XE9680,AINode01
30,AI Training Node 02,A,A05,7,XE9680,AINode02
31,TOR A05A,A,A05,41,C93180,TORA05A
32,TOR A05B,A,A05,42,C93180,TORA05B
33,Compute Node 09,B,B01,1,R670,ComputeNode09
34,Compute Node 10,B,B01,2,R670,ComputeNode10
35,Compute Node 11,B,B01,3,R670,ComputeNode11
36,Compute Node 12,B,B01,4,R670,ComputeNode12
37,TOR B01A,B,B01,41,C93180,TORB01A
38,TOR B01B,B,B01,42,C93180,TORB01B
39,Virtualisation Cluster 09,B,B02,1,R770,VirtCluster09
40,Virtualisation Cluster 10,B,B02,3,R770,VirtCluster10
41,Virtualisation Cluster 11,B,B02,5,R770,VirtCluster11
42,TOR B02A,B,B02,41,C93180,TORB02A
43,TOR B02B,B,B02,42,C93180,TORB02B
44,Kubernetes Node 01,B,B03,1,R770,KubeNode01
45,Kubernetes Node 02,B,B03,3,R770,KubeNode02
46,Kubernetes Node 03,B,B03,5,R770,KubeNode03
47,TOR B03A,B,B03,41,C93180,TORB03A
48,TOR B03B,B,B03,42,C93180,TORB03B
49,Backup Server 01,B,B04,1,R770,BackupServer01
50,Mon Server 01,B,B04,3,R770,MonServer01
51,Mgmt Server 01,B,B04,5,R770,MgmtServer01
52,TOR B04A,B,B04,41,C93180,TORB04A
53,TOR B04B,B,B04,42,C93180,TORB04B
54,SAN Controller A,B,B05,1,PowerStore Elite,SANControllerA
55,SAN Controller B,B,B05,5,PowerStore Elite,SANControllerB
56,Core Switch 01,B,B05,35,PowerSwitch Z-Series,CoreSwitch01
57,Core Switch 02,B,B05,36,PowerSwitch Z-Series,CoreSwitch02
58,SAN Switch A,B,B05,38,Brocade FC Switch,SANSwitchA
59,SAN Switch B,B,B05,39,Brocade FC Switch,SANSwitchB
60,TOR B05A,B,B05,41,C93180,TORB05A
61,TOR B05B,B,B05,42,C93180,TORB05B
